{
  "cleanUrls": true,
  "trailingSlash": false,
  "headers": [
    {
      "source": "/wechat-pay.png",
      "headers": [
        {
          "key": "Cache-Control",
          "value": "public, max-age=31536000, immutable"
        }
      ]
    },
    {
      "source": "/cover.jpg",
      "headers": [
        {
          "key": "Cache-Control",
          "value": "public, max-age=31536000, immutable"
        }
      ]
    },
    {
      "source": "/favicon.png",
      "headers": [
        {
          "key": "Cache-Control",
          "value": "public, max-age=31536000, immutable"
        }
      ]
    },
    {
      "source": "/favicon.svg",
      "headers": [
        {
          "key": "Cache-Control",
          "value": "public, max-age=31536000, immutable"
        }
      ]
    },
    {
      "source": "/favicon.ico",
      "headers": [
        {
          "key": "Cache-Control",
          "value": "public, max-age=31536000, immutable"
        }
      ]
    }
  ]
}
